"char";"storage";"item";"quantity"
"Saberlxix";"inventory";"Slime Juice";"10"
"Saberlxix";"inventory";"Fancy Top";"1"
"Saberlxix";"inventory";"Unkai Seal: Hd.";"8"
"Saberlxix";"inventory";"Shoalweed";"1"
"Saberlxix";"inventory";"Siren's Hair";"1"
"Saberlxix";"inventory";"Moonshade Earring";"1"
"Saberlxix";"inventory";"Shivite";"2"
"Saberlxix";"inventory";"Hi-Reraiser";"1"
"Saberlxix";"inventory";"Misareaux Garlic";"1"
"Saberlxix";"inventory";"Frgtn. Thought";"23"
"Saberlxix";"inventory";"1 Byne Bill";"18"
"Saberlxix";"inventory";"Pearlsack";"1"
"Saberlxix";"inventory";"Unkai Seal: Ft.";"4"
"Saberlxix";"inventory";"Garudite";"1"
"Saberlxix";"inventory";"Turtle Shield";"1"
"Saberlxix";"inventory";"Sorcerer's Coat";"1"
"Saberlxix";"inventory";"T. Whiteshell";"6"
"Saberlxix";"inventory";"Reraiser";"1"
"Saberlxix";"inventory";"Shadow Geode";"1"
"Saberlxix";"inventory";"Relic Iron";"2"
"Saberlxix";"inventory";"Breeze Geode";"1"
"Saberlxix";"inventory";"Bull's Diary";"12"
"Saberlxix";"inventory";"Giant Frozen Head";"1"
"Saberlxix";"inventory";"Abdhaljs Seal";"1"
"Saberlxix";"inventory";"Griffon Hide";"1"
"Saberlxix";"inventory";"Holy Water";"12"
"Saberlxix";"inventory";"Eschalixir";"23"
"Saberlxix";"inventory";"Boost-CHR";"1"
"Saberlxix";"inventory";"Goshikitenge";"20"
"Saberlxix";"inventory";"Verdigris St. +1";"12"
"Saberlxix";"inventory";"Fnd. Tome II (9)";"1"
"Saberlxix";"inventory";"Unkai Seal: Bd.";"10"
"Saberlxix";"inventory";"H. Kindred Crest";"27"
"Saberlxix";"inventory";"Fnd. Tome II (5)";"1"
"Saberlxix";"inventory";"Snow Geode";"4"
"Saberlxix";"inventory";"Despot's Fortune";"1"
"Saberlxix";"inventory";"T. Tama-hagane";"1"
"Saberlxix";"inventory";"Eschalixir +1";"2"
"Saberlxix";"inventory";"Ramuite";"2"
"Saberlxix";"inventory";"Flame Geode";"1"
"Saberlxix";"inventory";"Fiendish Tome (11)";"1"
"Saberlxix";"inventory";"Melee Gloves";"1"
"Saberlxix";"inventory";"Oxblood Orb";"1"
"Saberlxix";"inventory";"Carbon Fish. Rod";"1"
"Saberlxix";"inventory";"Scathacha";"1"
"Saberlxix";"inventory";"Leviatite";"2"
"Saberlxix";"inventory";"Soil Geode";"1"
"Saberlxix";"inventory";"H. Qdv. Chestplate";"1"
"Saberlxix";"inventory";"Fenrite";"2"
"Saberlxix";"inventory";"Carbite";"2"
"Saberlxix";"inventory";"Goblin Grease";"4"
"Saberlxix";"inventory";"Moblin Thread";"2"
"Saberlxix";"inventory";"Ifritite";"3"
"Saberlxix";"inventory";"Fancy Shorts";"1"
"Saberlxix";"inventory";"Platinum Silk";"2"
"Saberlxix";"inventory";"Lancewood Log";"4"
"Saberlxix";"inventory";"Fiendish Tome (14)";"1"
"Saberlxix";"inventory";"S. Kindred Crest";"39"
"Saberlxix";"inventory";"Fiendish Tome (16)";"1"
"Saberlxix";"inventory";"Infinity Core";"3"
"Saberlxix";"inventory";"Copper Voucher";"2"
"Saberlxix";"inventory";"Arrowwood Lbr.";"1"
"Saberlxix";"inventory";"Em. Bolt Quiver";"1"
"Saberlxix";"inventory";"Raxa";"2"
"Saberlxix";"inventory";"Pluton";"1"
"Saberlxix";"inventory";"Ghastly Stone +1";"24"
"Saberlxix";"inventory";"Maliya. Coral Orb";"1"
"Saberlxix";"inventory";"Wootz Ore";"3"
"Saberlxix";"inventory";"Kindred's Seal";"3"
"Saberlxix";"inventory";"Kindred's Crest";"14"
"Saberlxix";"inventory";"Saotome Domaru";"1"
"Saberlxix";"inventory";"Thunder Geode";"1"
"Saberlxix";"inventory";"Silt Pouch";"106"
"Saberlxix";"wardrobe";"Sroda Tathlum";"1"
"Saberlxix";"wardrobe";"Sroda Ring";"1"
"Saberlxix";"wardrobe";"Thibron";"1"
"Saberlxix";"wardrobe";"Sucellos's Cape";"3"
"Saberlxix";"wardrobe";"Carmine Cuisses +1";"1"
"Saberlxix";"wardrobe";"Jhakri Slops +2";"1"
"Saberlxix";"wardrobe";"Thereoid Greaves";"1"
"Saberlxix";"wardrobe";"Rufescent Ring";"1"
"Saberlxix";"wardrobe";"Leth. Ganth. +2";"1"
"Saberlxix";"wardrobe";"Aife's Annulet";"1"
"Saberlxix";"wardrobe";"Yetshila +1";"1"
"Saberlxix";"wardrobe";"Vitiation Tights";"1"
"Saberlxix";"wardrobe";"Ayanmo Ring";"1"
"Saberlxix";"wardrobe";"Atrophy Gloves +2";"1"
"Saberlxix";"wardrobe";"Befouled Crown";"1"
"Saberlxix";"wardrobe";"Vitiation Boots";"1"
"Saberlxix";"wardrobe";"Rhapsode's Cape";"1"
"Saberlxix";"wardrobe";"Augury Cuisses";"1"
"Saberlxix";"wardrobe";"Leth. Houseaux +2";"1"
"Saberlxix";"wardrobe";"Incanter's Torque";"1"
"Saberlxix";"wardrobe";"Sirona's Ring";"1"
"Saberlxix";"wardrobe";"Kaykaus Cuffs";"1"
"Saberlxix";"wardrobe";"Dim. Ring (Dem)";"1"
"Saberlxix";"wardrobe";"Shetal Stone";"1"
"Saberlxix";"wardrobe";"Thuellaic Ecu +1";"1"
"Saberlxix";"wardrobe";"Atrophy Tights +1";"1"
"Saberlxix";"wardrobe";"Fortified Ring";"1"
"Saberlxix";"wardrobe";"Jhakri Robe +2";"1"
"Saberlxix";"wardrobe";"Halasz Earring";"1"
"Saberlxix";"wardrobe";"Quanpur Necklace";"1"
"Saberlxix";"wardrobe";"Jhakri Pigaches +2";"1"
"Saberlxix";"wardrobe";"Hecate's Earring";"1"
"Saberlxix";"wardrobe";"Jhakri Cuffs +2";"1"
"Saberlxix";"wardrobe";"Atrophy Tabard +2";"1"
"Saberlxix";"wardrobe";"Sors Shield";"1"
"Saberlxix";"wardrobe";"Leth. Chappel +2";"1"
"Saberlxix";"wardrobe";"Sailfi Belt +1";"1"
"Saberlxix";"wardrobe";"Refoccilation Stone";"1"
"Saberlxix";"wardrobe";"Orvail Corona +1";"1"
"Saberlxix";"wardrobe";"Janniston Ring";"1"
"Saberlxix";"wardrobe";"Tamaxchi";"1"
"Saberlxix";"wardrobe";"Knobkierrie";"1"
"Saberlxix";"wardrobe";"Enervating Earring";"1"
"Saberlxix";"wardrobe";"Kaykaus Boots";"1"
"Saberlxix";"wardrobe";"Vitiation Gloves";"1"
"Saberlxix";"wardrobe";"Kaykaus Tights";"1"
"Saberlxix";"wardrobe";"Lethargy Earring";"1"
"Saberlxix";"wardrobe";"Naegling";"1"
"Saberlxix";"wardrobe";"Solemnity Cape";"1"
"Saberlxix";"wardrobe";"Sao. Domaru +2";"1"
"Saberlxix";"wardrobe";"Nodens Gorget";"1"
"Saberlxix";"wardrobe";"Viti. Tabard +1";"1"
"Saberlxix";"wardrobe";"Viti. Chapeau +1";"1"
"Saberlxix";"wardrobe";"Jhakri Coronal +2";"1"
"Saberlxix";"wardrobe";"Impatiens";"1"
"Saberlxix";"wardrobe";"Ishvara Earring";"1"
"Saberlxix";"wardrobe";"Eschan Stone";"1"
"Saberlxix";"wardrobe";"Witful Belt";"1"
"Saberlxix";"wardrobe";"Wizard's Rod";"1"
"Saberlxix";"wardrobe";"Etiolation Earring";"1"
"Saberlxix";"wardrobe";"Jhakri Ring";"1"
"Saberlxix";"wardrobe";"Ghastly Tathlum +1";"1"
"Saberlxix";"wardrobe";"Defending Ring";"1"
"Saberlxix";"wardrobe";"Stikini Ring";"1"
"Saberlxix";"wardrobe";"Anu Torque";"1"
"Saberlxix";"wardrobe";"Lethargy Sayon +2";"1"
"Saberlxix";"wardrobe";"Sanctity Necklace";"1"
"Saberlxix";"wardrobe";"Evanescence Ring";"1"
"Saberlxix";"wardrobe";"Crocea Mors";"1"
"Saberlxix";"wardrobe";"Hydrocera";"1"
"Saberlxix";"wardrobe";"Novio Earring";"1"
"Saberlxix";"wardrobe";"Atro. Chapeau +2";"1"
"Saberlxix";"wardrobe";"Pahtli Cape";"1"
"Saberlxix";"wardrobe";"Leth. Fuseau +2";"1"
"Saberlxix";"wardrobe";"Atrophy Boots +1";"1"
"Saberlxix";"wardrobe";"Mujin Band";"1"
"Saberlxix";"wardrobe";"Roundel Earring";"1"
"Saberlxix";"wardrobe";"Shedir Seraweels";"1"
"Saberlxix";"safe";"Duelist's Boots";"1"
"Saberlxix";"safe";"Ihintanto";"1"
"Saberlxix";"safe";"Melee Crown";"1"
"Saberlxix";"safe";"Va.Abjuration: Lg.";"1"
"Saberlxix";"safe";"Dullahan Armor";"1"
"Saberlxix";"safe";"Ardor Jewel";"1"
"Saberlxix";"safe";"Ar.Abjuration: Ft.";"1"
"Saberlxix";"safe";"Kog. Tekko -1";"1"
"Saberlxix";"safe";"A. Voucher: Replica";"2"
"Saberlxix";"safe";"Faithful's Torso II";"1"
"Saberlxix";"safe";"Adventurer Cpn.";"1"
"Saberlxix";"safe";"Gr.Abjuration: Lg.";"1"
"Saberlxix";"safe";"A. Chit: Head";"1"
"Saberlxix";"safe";"M. Beetle Saliva";"5"
"Saberlxix";"safe";"Comm. Trews";"1"
"Saberlxix";"safe";"Ancient Blood";"1"
"Saberlxix";"safe";"Vana'clock";"1"
"Saberlxix";"safe";"A. Chit: Hand";"1"
"Saberlxix";"safe";"Eminent Scimitar";"1"
"Saberlxix";"safe";"Bloody Robe";"1"
"Saberlxix";"safe";"War. Mufflers -1";"1"
"Saberlxix";"safe";"Jo.Abjuration: Hn.";"1"
"Saberlxix";"safe";"Vision Jewel";"1"
"Saberlxix";"safe";"Chas. Earring +1";"1"
"Saberlxix";"safe";"Balance Stone";"2"
"Saberlxix";"safe";"Warrior's Calligae";"1"
"Saberlxix";"safe";"Monster Gaiters";"1"
"Saberlxix";"safe";"Valor Cape";"1"
"Saberlxix";"safe";"Ar.Abjuration: Lg.";"1"
"Saberlxix";"safe";"Earthen Flowerpot";"1"
"Saberlxix";"safe";"Star Globe";"1"
"Saberlxix";"safe";"Candelabrum";"1"
"Saberlxix";"safe";"Gr.Abjuration: Hn.";"1"
"Saberlxix";"safe";"A. Chit: Leg";"1"
"Saberlxix";"safe";"Eudaemon Sash";"1"
"Saberlxix";"safe";"Relic Bhuj";"1"
"Saberlxix";"safe";"Eudaemon Ring";"1"
"Saberlxix";"safe";"Faithful's Legs IV";"1"
"Saberlxix";"safe";"Scout's Socks";"1"
"Saberlxix";"safe";"G. Seed Pouch";"2"
"Saberlxix";"safe";"Bastokan Flag";"1"
"Saberlxix";"safe";"Ve.Abjuration: Hd.";"1"
"Saberlxix";"safe";"Argute Bracers";"1"
"Saberlxix";"safe";"A. Chit: Body";"1"
"Saberlxix";"safe";"Summoner's Dblt.";"1"
"Saberlxix";"safe";"Niokiyotsuna";"1"
"Saberlxix";"safe";"Wyrm Greaves";"1"
"Saberlxix";"safe";"Mirage Bazubands";"1"
"Saberlxix";"safe";"Melee Hose";"1"
"Saberlxix";"safe";"Relic Shield";"1"
"Saberlxix";"safe";"Relic Lance";"1"
"Saberlxix";"safe";"Beck. Earring +1";"1"
"Saberlxix";"safe";"Wieldance Card";"1"
"Saberlxix";"safe";"A. Voucher: Weapon";"1"
"Saberlxix";"safe";"Tr.Abjuration: Lg.";"1"
"Saberlxix";"safe";"Comm. Gants -1";"1"
"Saberlxix";"safe";"Jeunoan Flag";"1"
"Saberlxix";"safe";"A. Chit: Foot";"1"
"Saberlxix";"safe";"Koga Hakama";"1"
"Saberlxix";"safe";"Azimuth Earring +1";"1"
"Saberlxix";"safe";"Torn Epistle";"1"
"Saberlxix";"safe";"Tr.Abjuration: Ft.";"1"
"Saberlxix";"safe";"Faithful's Legs I";"2"
"Saberlxix";"safe";"Skormoth Mask";"1"
"Saberlxix";"safe";"Relic Gun";"1"
"Saberlxix";"safe";"Balance Coin";"1"
"Saberlxix";"safe";"Psilomene";"1"
"Saberlxix";"safe";"Muddy Bar Tab";"1"
"Saberlxix";"safe";"Malignance Sword";"1"
"Saberlxix";"safe";"Saffron Blossom";"1"
"Saberlxix";"safe";"Assassin's Culottes";"1"
"Saberlxix";"satchel";"Super Reraiser";"1"
"Saberlxix";"satchel";"Forgotten Hope";"49"
"Saberlxix";"satchel";"B. Leather Missive";"1"
"Saberlxix";"satchel";"Ghrah M Chip";"1"
"Saberlxix";"satchel";"Vulcanite Ore";"5"
"Saberlxix";"satchel";"Shadescale Skull";"1"
"Saberlxix";"satchel";"Plt. Beastcoin";"1"
"Saberlxix";"satchel";"Deathstone";"1"
"Saberlxix";"satchel";"Shadescale Heart";"1"
"Saberlxix";"satchel";"Forgotten Touch";"16"
"Saberlxix";"satchel";"Land Crab Meat";"1"
"Saberlxix";"satchel";"Pellucid Stone";"16"
"Saberlxix";"satchel";"Demon Pen";"1"
"Saberlxix";"satchel";"Pearl";"1"
"Saberlxix";"satchel";"Silver Ore";"3"
"Saberlxix";"satchel";"Coin of Birth";"36"
"Saberlxix";"satchel";"M. Beetle Saliva";"3"
"Saberlxix";"satchel";"Behemoth Horn";"1"
"Saberlxix";"satchel";"Imp. Slv. Piece";"2"
"Saberlxix";"satchel";"Frgtn. Journey";"9"
"Saberlxix";"satchel";"Anc. Beast Horn";"1"
"Saberlxix";"satchel";"Florid Stone";"1"
"Saberlxix";"satchel";"H.Q. Aern Organ";"1"
"Saberlxix";"satchel";"Wootz Ore";"14"
"Saberlxix";"satchel";"Cotton Cloth";"2"
"Saberlxix";"satchel";"Arrowwood Log";"1"
"Saberlxix";"satchel";"Sparkling Stone";"12"
"Saberlxix";"satchel";"Gold Beastcoin";"6"
"Saberlxix";"satchel";"Garglle. Shank";"1"
"Saberlxix";"satchel";"Coin of Decay";"16"
"Saberlxix";"satchel";"Saltena";"8"
"Saberlxix";"satchel";"Flint Stone";"1"
"Saberlxix";"satchel";"Hpemde Organ";"1"
"Saberlxix";"satchel";"Shihei";"92"
"Saberlxix";"satchel";"Angelstone";"1"
"Saberlxix";"satchel";"Phoenix Feather";"1"
"Saberlxix";"satchel";"Mythril Ore";"1"
"Saberlxix";"satchel";"Voyage Stone";"2"
"Saberlxix";"satchel";"Alfard's Fang";"1"
"Saberlxix";"satchel";"Black Rock";"1"
"Saberlxix";"satchel";"Celadon Yggrete";"1"
"Saberlxix";"satchel";"Cagebeast Blood";"1"
"Saberlxix";"satchel";"Lustreless Wing";"18"
"Saberlxix";"satchel";"Lebondopt Wing";"1"
"Saberlxix";"satchel";"Durium Sheet";"3"
"Saberlxix";"satchel";"Griffon Hide";"4"
"Saberlxix";"satchel";"Boulder Case";"2"
"Saberlxix";"satchel";"Meat Jerky";"6"
"Saberlxix";"satchel";"Platinum Silk";"1"
"Saberlxix";"satchel";"Ginuva's Theory";"1"
"Saberlxix";"satchel";"Puffball";"1"
"Saberlxix";"satchel";"Luminian Tissue";"1"
"Saberlxix";"satchel";"Russet Yggrete";"1"
"Saberlxix";"satchel";"Icarus Wing";"1"
"Saberlxix";"satchel";"Liminal Residue";"69"
"Saberlxix";"satchel";"Imp. Brz. Piece";"34"
"Saberlxix";"satchel";"Pluton Case";"1"
"Saberlxix";"satchel";"Devious Die";"18"
"Saberlxix";"satchel";"Dryad Root";"1"
"Saberlxix";"satchel";"Magicked Steel";"1"
"Saberlxix";"satchel";"Luminion Chip";"4"
"Saberlxix";"satchel";"Chocobo Egg";"1"
"Saberlxix";"satchel";"H.Q. Hpemde Org.";"1"
"Saberlxix";"satchel";"Coin of Ruin";"15"
"Saberlxix";"satchel";"G. Seed Pouch";"3"
"Saberlxix";"satchel";"Toolbag (Shihe)";"1"
"Saberlxix";"satchel";"Darksteel Ore";"2"
"Saberlxix";"satchel";"Mtl. Beastcoin";"4"
"Saberlxix";"satchel";"Imp. Mtl. Piece";"4"
"Saberlxix";"satchel";"Coin of Adv.";"17"
"Saberlxix";"satchel";"Dusktip Stone +2";"1"
"Saberlxix";"satchel";"Voyage Jewel";"1"
"Saberlxix";"satchel";"Shadescale Femur";"1"
"Saberlxix";"satchel";"Imp. Gold Piece";"34"
"Saberlxix";"satchel";"Beastmen's Seal";"5"
"Saberlxix";"satchel";"H-P Bayld";"6"
"Saberlxix";"sack";"Mirage Jubbah";"1"
"Saberlxix";"sack";"Warding Round";"1"
"Saberlxix";"sack";"Wyrm Mail";"1"
"Saberlxix";"sack";"Bard's Jstcorps";"1"
"Saberlxix";"sack";"Den Coffer Key";"1"
"Saberlxix";"sack";"Cleric's Bliaut";"1"
"Saberlxix";"sack";"Yarak Torque";"1"
"Saberlxix";"sack";"Abyss Cuirass";"1"
"Saberlxix";"sack";"Ulbuconut";"3"
"Saberlxix";"sack";"Mihgo Mithkabob";"1"
"Saberlxix";"sack";"Voiddust";"1"
"Saberlxix";"sack";"Bale Sollerets";"1"
"Saberlxix";"sack";"1 Byne Bill";"110"
"Saberlxix";"sack";"Assassin's Vest";"1"
"Saberlxix";"sack";"Dexterity Potion";"1"
"Saberlxix";"sack";"Iron Ore";"6"
"Saberlxix";"sack";"Celestial Goad";"1"
"Saberlxix";"sack";"Rop. Sh. Pouch";"1"
"Saberlxix";"sack";"Crossbow Bolt";"52"
"Saberlxix";"sack";"L. Jadeshell";"1"
"Saberlxix";"sack";"Shura Sune-Ate";"1"
"Saberlxix";"sack";"Trail Cookie";"3"
"Saberlxix";"sack";"T. Whiteshell";"129"
"Saberlxix";"sack";"Sylvan Bottillons";"1"
"Saberlxix";"sack";"Chocobiscuit";"1"
"Saberlxix";"sack";"Hikmet Hat";"1"
"Saberlxix";"sack";"Buried Vestige";"2"
"Saberlxix";"sack";"Pso. Chest Key";"1"
"Saberlxix";"sack";"Midrium Ore";"1"
"Saberlxix";"sack";"Abdhaljs Seal";"2"
"Saberlxix";"sack";"Relic Axe";"1"
"Saberlxix";"sack";"Refractive Crystal";"1"
"Saberlxix";"sack";"Gold Beastcoin";"1"
"Saberlxix";"sack";"Paralyze II";"1"
"Saberlxix";"sack";"Ru'Aun Coffer Key";"1"
"Saberlxix";"sack";"Macrocosmic Orb";"1"
"Saberlxix";"sack";"Sickle";"8"
"Saberlxix";"sack";"Koga Chainmail";"1"
"Saberlxix";"sack";"Avatar Blood";"1"
"Saberlxix";"sack";"Grape Daifuku";"1"
"Saberlxix";"sack";"Argute Gown";"1"
"Saberlxix";"sack";"Kupon A-EMI";"1"
"Saberlxix";"sack";"Zvahl Coffer Key";"1"
"Saberlxix";"sack";"Yagudo Necklace";"1"
"Saberlxix";"sack";"O. Bronzepiece";"177"
"Saberlxix";"sack";"Seraphicaller";"1"
"Saberlxix";"sack";"Vanadium Ore";"1"
"Saberlxix";"sack";"Commodore Frac";"1"
"Saberlxix";"sack";"Etoile Tights";"1"
"Saberlxix";"sack";"Darksteel Sheet";"1"
"Saberlxix";"sack";"Whine Cellar Key";"1"
"Saberlxix";"sack";"Nightmare Blood";"1"
"Saberlxix";"sack";"Moogurt";"1"
"Saberlxix";"sack";"Ghastly Stone +2";"12"
"Saberlxix";"sack";"Mirage Charuqs -1";"1"
"Saberlxix";"sack";"Porxie Wing";"3"
"Saberlxix";"sack";"Instant Warp";"1"
"Saberlxix";"sack";"Reraise III";"1"
"Saberlxix";"sack";"Fish Mithkabob";"1"
"Saberlxix";"sack";"Comm. Bottes";"1"
"Saberlxix";"sack";"Urunday Log";"1"
"Saberlxix";"sack";"Melee Cyclas";"1"
"Saberlxix";"sack";"Ghastly Stone +1";"24"
"Saberlxix";"sack";"Valor Breeches";"1"
"Saberlxix";"sack";"Pantin Tobe";"1"
"Saberlxix";"sack";"Sakura Biscuit";"4"
"Saberlxix";"sack";"Scr. Chest Key";"1"
"Saberlxix";"sack";"Remedy";"12"
"Saberlxix";"sack";"Oldton Chest Key";"1"
"Saberlxix";"sack";"Coral Fragment";"2"
"Saberlxix";"case";"Hope Crystal";"2"
"Saberlxix";"case";"S. Astral Detritus";"8"
"Saberlxix";"case";"Beitetsu";"177"
"Saberlxix";"case";"Guatambu Log";"1"
"Saberlxix";"case";"Siren's Hair";"1"
"Saberlxix";"case";"Tartarian Chain";"1"
"Saberlxix";"case";"P. RDM Card";"1"
"Saberlxix";"case";"Yggdreant Root";"1"
"Saberlxix";"case";"Forgotten Step";"16"
"Saberlxix";"case";"Ice Cluster";"2"
"Saberlxix";"case";"Cluster Core";"1"
"Saberlxix";"case";"Gin's Scale";"2"
"Saberlxix";"case";"Codex of Etchings";"1"
"Saberlxix";"case";"Rhodium Ore";"2"
"Saberlxix";"case";"Hatchet";"56"
"Saberlxix";"case";"Sif's Lock";"1"
"Saberlxix";"case";"Fire Crystal";"12"
"Saberlxix";"case";"Frgtn. Journey";"8"
"Saberlxix";"case";"R. Leather Missive";"1"
"Saberlxix";"case";"Fire Fewell";"1"
"Saberlxix";"case";"Abdhaljs Nugget";"10"
"Saberlxix";"case";"Refractive Crystal";"3"
"Saberlxix";"case";"Platinum Silk";"1"
"Saberlxix";"case";"Sovereign's Hide";"2"
"Saberlxix";"case";"Abdhaljs Anima";"5"
"Saberlxix";"case";"Exalted Log";"1"
"Saberlxix";"case";"Balance Jewel";"1"
"Saberlxix";"case";"Voidhead: RDM";"1"
"Saberlxix";"case";"Balance Stone";"2"
"Saberlxix";"case";"Oxblood";"1"
"Saberlxix";"case";"Imperator's Wing";"1"
"Saberlxix";"case";"Defiant Sweat";"1"
"Saberlxix";"case";"Duskdim Stone +2";"1"
"Saberlxix";"case";"Scholar Stone";"1"
"Saberlxix";"case";"Maliya. Coral";"3"
"Saberlxix";"case";"Twill Damask";"1"
"Saberlxix";"case";"Ra'Kaz. Starstone";"1"
"Saberlxix";"case";"Kin's Scale";"2"
"Saberlxix";"case";"Riftborn Boulder";"214"
"Saberlxix";"case";"Akaso";"1"
"Saberlxix";"case";"Waktza Crest";"1"
"Saberlxix";"case";"Abdhaljs Gem";"5"
"Saberlxix";"case";"Eft Skin";"8"
"Saberlxix";"case";"Wind Cluster";"2"
"Saberlxix";"case";"Warding Oil";"1"
"Saberlxix";"case";"Snowtip Stone +2";"2"
"Saberlxix";"case";"Pluton";"237"
"Saberlxix";"case";"Moon Orb";"1"
"Saberlxix";"case";"Leaforb Stone +2";"1"
"Saberlxix";"case";"Waktza Rostrum";"1"
"Saberlxix";"case";"Storage Slip 06";"1"
"Saberlxix";"case";"Scarlet Linen";"6"
"Saberlxix";"case";"Void Crystal";"1"
"Saberlxix";"case";"Tonosama R.Ball";"1"
"Saberlxix";"case";"Icarus Wing";"1"
"Saberlxix";"case";"Wieldance Card";"1"
"Saberlxix";"case";"Abdhaljs Fiber";"45"
"Saberlxix";"case";"Plovid Effluvium";"1"
"Saberlxix";"case";"Etched Memory";"10"
"Saberlxix";"case";"Porxie Wing";"1"
"Saberlxix";"case";"Macuil Horn";"1"
"Saberlxix";"case";"Abdhaljs Metal";"10"
"Saberlxix";"case";"Moblin Thread";"1"
"Saberlxix";"case";"Eschalixir +2";"8"
"Saberlxix";"case";"Dark Matter";"1"
"Saberlxix";"case";"Mtl. Beastcoin";"2"
"Saberlxix";"case";"Pickaxe";"8"
"Saberlxix";"case";"Abdhaljs Matter";"5"
"Saberlxix";"case";"Duskslit Stone +2";"1"
"Saberlxix";"case";"Abdhaljs's Honor";"1"
"Saberlxix";"case";"Behemoth Tongue";"1"
"Saberlxix";"case";"Ra'Kaz. Sapphire";"4"
"Saberlxix";"case";"H-P Bayld";"5"
"Saberlxix";"case";"Estq. Seal: Ft.";"4"
"Saberlxix";"safe2";"Wyrm Fng.Gnt.";"1"
"Saberlxix";"safe2";"Duelist's Belt";"1"
"Saberlxix";"safe2";"Creed Seal: Ft.";"1"
"Saberlxix";"safe2";"Etoile Toe Shoes";"1"
"Saberlxix";"safe2";"Abs. Sollerets -1";"1"
"Saberlxix";"safe2";"Koga Hatsuburi";"1"
"Saberlxix";"safe2";"Relic Maul";"1"
"Saberlxix";"safe2";"Lncr. Seal: Bd.";"1"
"Saberlxix";"safe2";"Kog. Kyahan -1";"1"
"Saberlxix";"safe2";"Mirage Charuqs";"1"
"Saberlxix";"safe2";"Relic Dagger";"1"
"Saberlxix";"safe2";"Rvg. Seal: Lg.";"1"
"Saberlxix";"safe2";"Orison Seal: Hd.";"1"
"Saberlxix";"safe2";"Abyss Cape";"1"
"Saberlxix";"safe2";"Cleric's Cap";"1"
"Saberlxix";"safe2";"Sorcerer's Belt";"1"
"Saberlxix";"safe2";"Mst. Gaiters -1";"1"
"Saberlxix";"safe2";"Mavi Seal: Lg.";"2"
"Saberlxix";"safe2";"Orison Seal: Lg.";"2"
"Saberlxix";"safe2";"Lncr. Seal: Lg.";"1"
"Saberlxix";"safe2";"Relic Knuckles";"1"
"Saberlxix";"safe2";"Monster Jackcoat";"1"
"Saberlxix";"safe2";"Mel. Gloves -1";"1"
"Saberlxix";"safe2";"Monster Belt";"1"
"Saberlxix";"safe2";"Src. Sabots -1";"1"
"Saberlxix";"safe2";"Argute Loafers -1";"1"
"Saberlxix";"safe2";"Smn. Pigaches -1";"1"
"Saberlxix";"safe2";"Argute Loafers";"1"
"Saberlxix";"safe2";"Sorcerer's Tonban";"1"
"Saberlxix";"safe2";"Mel. Gaiters -1";"1"
"Saberlxix";"safe2";"Brd. Slippers -1";"1"
"Saberlxix";"safe2";"Sct. Bracers -1";"1"
"Saberlxix";"safe2";"Argute Pants";"1"
"Saberlxix";"safe2";"Argute Belt";"1"
"Saberlxix";"safe2";"Abyss Flanchard";"1"
"Saberlxix";"safe2";"Mst. Gloves -1";"1"
"Saberlxix";"safe2";"Abs. Gauntlets -1";"1"
"Saberlxix";"safe2";"Abyss Gauntlets";"1"
"Saberlxix";"safe2";"Charis Seal: Hd.";"1"
"Saberlxix";"safe2";"Dls. Boots -1";"1"
"Saberlxix";"safe2";"Clr. Duckbills -1";"1"
"Saberlxix";"safe2";"Scout's Belt";"1"
"Saberlxix";"safe2";"Summoner's Spats";"1"
"Saberlxix";"safe2";"T.Abjuration: Hd.";"1"
"Saberlxix";"safe2";"Monster Trousers";"1"
"Saberlxix";"safe2";"Pantin Babouches";"1"
"Saberlxix";"safe2";"Scout's Braccae";"1"
"Saberlxix";"safe2";"T.Abjuration: Bd.";"1"
"Saberlxix";"safe2";"Warrior's Mufflers";"1"
"Saberlxix";"safe2";"War. Calligae -1";"1"
"Saberlxix";"safe2";"Monster Helm";"1"
"Saberlxix";"safe2";"Pantin Cape";"1"
"Saberlxix";"safe2";"Commodore Gants";"1"
"Saberlxix";"safe2";"E.Abjuration: Lg.";"1"
"Saberlxix";"safe2";"Cleric's Duckbills";"1"
"Saberlxix";"safe2";"Bard's Cuffs";"1"
"Saberlxix";"safe2";"Pantin Dastanas";"1"
"Saberlxix";"safe2";"Assassin's Bonnet";"1"
"Saberlxix";"safe2";"Sorcerer's Gloves";"1"
"Saberlxix";"safe2";"Valor Coronet";"1"
"Saberlxix";"safe2";"Comm. Bottes -1";"1"
"Saberlxix";"safe2";"Warrior's Mask";"1"
"Saberlxix";"safe2";"Ptn. Babouches -1";"1"
"Saberlxix";"safe2";"Cleric's Belt";"1"
"Saberlxix";"safe2";"Nvrch. Seal: Hn.";"1"
"Saberlxix";"safe2";"Asn. Poulaines -1";"1"
"Saberlxix";"safe2";"Wym. Greaves -1";"1"
"Saberlxix";"safe2";"Bale Seal: Lg.";"2"
"Saberlxix";"safe2";"Scout's Bracers";"1"
"Saberlxix";"safe2";"Summoner's Pgch.";"1"
"Saberlxix";"safe2";"Unkai Seal: Lg.";"2"
"Saberlxix";"safe2";"Valor Leggings";"1"
"Saberlxix";"safe2";"Goetia Seal: Bd.";"1"
"Saberlxix";"safe2";"Sct. Socks -1";"1"
"Saberlxix";"safe2";"Wyrm Belt";"1"
"Saberlxix";"safe2";"Assassin's Cape";"1"
"Saberlxix";"safe2";"Summoner's Cape";"1"
"Saberlxix";"safe2";"Melee Cape";"1"
"Saberlxix";"safe2";"Etoile Bangles";"1"
"Saberlxix";"safe2";"Relic Sword";"1"
"Saberlxix";"wardrobe2";"Shamatha Grip";"1"
"Saberlxix";"wardrobe2";"Skullrender";"1"
"Saberlxix";"wardrobe2";"Hume Pants";"1"
"Saberlxix";"wardrobe2";"Matre Bell";"1"
"Saberlxix";"wardrobe2";"Demonslicer";"1"
"Saberlxix";"wardrobe2";"Adad Amulet";"1"
"Saberlxix";"wardrobe2";"Bronze Dagger";"1"
"Saberlxix";"wardrobe2";"Aigilis Lance";"1"
"Saberlxix";"wardrobe2";"Nashira Seraweels";"1"
"Saberlxix";"wardrobe2";"Torque";"1"
"Saberlxix";"wardrobe2";"Bone Earring +1";"2"
"Saberlxix";"wardrobe2";"Lathi";"1"
"Saberlxix";"wardrobe2";"Sprinter's Shoes";"1"
"Saberlxix";"wardrobe2";"Sho. Hanmomohiki";"1"
"Saberlxix";"wardrobe2";"Nashira Manteel";"1"
"Saberlxix";"wardrobe2";"Himegami Yukata";"1"
"Saberlxix";"wardrobe2";"Hapy Staff";"1"
"Saberlxix";"wardrobe2";"Kali";"2"
"Saberlxix";"wardrobe2";"Mujin Obi";"1"
"Saberlxix";"wardrobe2";"Oak Staff";"1"
"Saberlxix";"wardrobe2";"Maskirova Torque";"1"
"Saberlxix";"wardrobe2";"Crow Bracers";"1"
"Saberlxix";"wardrobe2";"Parrying Knife";"1"
"Saberlxix";"wardrobe2";"Decennial Tiara +1";"1"
"Saberlxix";"wardrobe2";"Ace's Helm";"1"
"Saberlxix";"wardrobe2";"Moogle Shirt";"1"
"Saberlxix";"wardrobe2";"Crow Hose";"1"
"Saberlxix";"wardrobe2";"Mountain Gaiters";"1"
"Saberlxix";"wardrobe2";"Bihkah Sword";"1"
"Saberlxix";"wardrobe2";"Burnite Shell";"1"
"Saberlxix";"wardrobe2";"Chocobo Wand";"1"
"Saberlxix";"wardrobe2";"Ace's Leggings";"1"
"Saberlxix";"wardrobe2";"Deathbane";"1"
"Saberlxix";"wardrobe2";"Redan Gloves";"1"
"Saberlxix";"wardrobe2";"Opo-opo Necklace";"1"
"Saberlxix";"wardrobe2";"Councilor's Garb";"1"
"Saberlxix";"wardrobe2";"Behemoth Suit +1";"1"
"Saberlxix";"wardrobe2";"Flagellant's Rope";"1"
"Saberlxix";"wardrobe2";"Fencing Degen";"1"
"Saberlxix";"wardrobe2";"Voay Staff -1";"1"
"Saberlxix";"wardrobe2";"Decennial Hose +1";"1"
"Saberlxix";"wardrobe2";"Kheshig Blade";"1"
"Saberlxix";"wardrobe2";"Hannibal's Sword";"1"
"Saberlxix";"wardrobe2";"Hume Vest";"1"
"Saberlxix";"wardrobe2";"Tavnazian Ring";"1"
"Saberlxix";"wardrobe2";"Choco. Shield +1";"1"
"Saberlxix";"wardrobe2";"Bond Cape";"1"
"Saberlxix";"wardrobe2";"Shoal Maillot +1";"1"
"Saberlxix";"wardrobe2";"Behe. Masque +1";"1"
"Saberlxix";"wardrobe2";"Hume F Boots";"1"
"Saberlxix";"wardrobe2";"Crow Jupon";"1"
"Saberlxix";"wardrobe2";"Nusku Shield";"1"
"Saberlxix";"wardrobe2";"Excalipoor";"1"
"Saberlxix";"wardrobe2";"Crow Gaiters";"1"
"Saberlxix";"wardrobe2";"Nashira Gages";"1"
"Saberlxix";"wardrobe2";"Decennial Dress +1";"1"
"Saberlxix";"wardrobe2";"Crow Beret";"1"
"Saberlxix";"wardrobe2";"Tanmogayi";"1"
"Saberlxix";"wardrobe2";"Moogle Guard";"1"
"Saberlxix";"wardrobe2";"Nashira Crackows";"1"
"Saberlxix";"wardrobe2";"Voay Sword -1";"1"
"Saberlxix";"wardrobe2";"Stanch Cuisses";"1"
"Saberlxix";"wardrobe2";"Chocobo Shield";"1"
"Saberlxix";"wardrobe2";"Ichigohitofuri";"1"
"Saberlxix";"wardrobe2";"Estq. Fuseau";"1"
"Saberlxix";"wardrobe2";"Bastokan Ring";"1"
"Saberlxix";"wardrobe2";"Stumbling Sandals";"1"
"Saberlxix";"wardrobe2";"Kiikanemitsu";"1"
"Saberlxix";"wardrobe2";"Rep.Bronze Medal";"1"
"Saberlxix";"wardrobe2";"Impassive Mantle";"1"
"Saberlxix";"wardrobe2";"Moogle Guard +1";"1"
"Saberlxix";"wardrobe2";"Eminent Gun";"1"
"Saberlxix";"wardrobe2";"Bronze Mog. Belt";"1"
"Saberlxix";"wardrobe2";"Silver Mog. Belt";"1"
"Saberlxix";"wardrobe2";"Zuuxowu Grip";"1"
"Saberlxix";"wardrobe2";"Hume F Gloves";"1"
"Saberlxix";"wardrobe2";"Eidolon Pendant +1";"1"
"Saberlxix";"wardrobe2";"Nashira Turban";"1"
"Saberlxix";"wardrobe3";"Orvail Souliers +1";"1"
"Saberlxix";"wardrobe3";"Buquwik Cape";"1"
"Saberlxix";"wardrobe3";"Orvail Cuffs +1";"1"
"Saberlxix";"wardrobe3";"Shadow Mantle";"1"
"Saberlxix";"wardrobe3";"Custom Top +1";"1"
"Saberlxix";"wardrobe3";"Dcl.Grd. Ring";"1"
"Saberlxix";"wardrobe3";"Nexus Cape";"1"
"Saberlxix";"wardrobe3";"Onimusha-no-Kote";"1"
"Saberlxix";"wardrobe3";"Bolelabunga";"1"
"Saberlxix";"wardrobe3";"Ygnas's Resolve +1";"1"
"Saberlxix";"wardrobe3";"Caliber Ring";"1"
"Saberlxix";"wardrobe3";"Echad Ring";"1"
"Saberlxix";"wardrobe3";"Kladenets";"1"
"Saberlxix";"wardrobe3";"Rajas Ring";"1"
"Saberlxix";"wardrobe3";"Quauhpilli Gloves";"1"
"Saberlxix";"wardrobe3";"Chaac Belt";"1"
"Saberlxix";"wardrobe3";"Sakonji Kote";"1"
"Saberlxix";"wardrobe3";"Councilor's Cuffs";"1"
"Saberlxix";"wardrobe3";"Griffon Ring";"1"
"Saberlxix";"wardrobe3";"Skulk. Earring +1";"1"
"Saberlxix";"wardrobe3";"Sao. Sune-Ate +2";"1"
"Saberlxix";"wardrobe3";"Myochin Domaru";"1"
"Saberlxix";"wardrobe3";"Sao. Haidate +2";"1"
"Saberlxix";"wardrobe3";"Warp Ring";"1"
"Saberlxix";"wardrobe3";"Kumbira Cape";"1"
"Saberlxix";"wardrobe3";"Saotome Kabuto";"1"
"Saberlxix";"wardrobe3";"Lehbrailg +2";"1"
"Saberlxix";"wardrobe3";"Kasuga Earring";"1"
"Saberlxix";"wardrobe3";"Orvail Pants +1";"1"
"Saberlxix";"wardrobe3";"Fili Earring +1";"1"
"Saberlxix";"wardrobe3";"Emperor Band";"1"
"Saberlxix";"wardrobe3";"Mantoptera Eye";"1"
"Saberlxix";"wardrobe3";"Acuity Belt +1";"1"
"Saberlxix";"wardrobe3";"Myochin Sune-Ate";"1"
"Saberlxix";"wardrobe3";"Orvail Robe +1";"1"
"Saberlxix";"wardrobe3";"Myochin Haidate";"1"
"Saberlxix";"wardrobe3";"Myochin Kabuto";"1"
"Saberlxix";"wardrobe3";"Ram Staff";"1"
"Saberlxix";"wardrobe3";"Caro Necklace";"1"
"Saberlxix";"wardrobe3";"Qalgwer";"1"
"Saberlxix";"wardrobe3";"Usonmunku";"1"
"Saberlxix";"wardrobe3";"Return Ring";"1"
"Saberlxix";"wardrobe3";"Aptitude Mantle +1";"1"
"Saberlxix";"wardrobe3";"Facility Ring";"1"
"Saberlxix";"wardrobe3";"Sao. Koshi-Ate";"1"
"Saberlxix";"wardrobe3";"Kunaji Ring";"1"
"Saberlxix";"wardrobe3";"Scuff. Cosciales";"1"
"Saberlxix";"slip 06";"Cleric's Belt";"1"
"Saberlxix";"slip 06";"Mirage Keffiyeh";"1"
"Saberlxix";"slip 06";"Melee Crown";"1"
"Saberlxix";"slip 06";"Duelist's Belt";"1"
"Saberlxix";"slip 06";"Summoner's Brcr.";"1"
"Saberlxix";"slip 06";"Warrior's Calligae";"1"
"Saberlxix";"slip 06";"Sorcerer's Petas.";"1"
"Saberlxix";"slip 06";"Wyrm Belt";"1"
"Saberlxix";"slip 06";"Etoile Tiara";"1"
"Saberlxix";"slip 06";"Summoner's Dblt.";"1"
"Saberlxix";"slip 06";"Abyss Flanchard";"1"
"Saberlxix";"slip 06";"Etoile Casaque";"1"
"Saberlxix";"slip 06";"Assassin's Cape";"1"
"Saberlxix";"slip 06";"Scout's Belt";"1"
"Saberlxix";"slip 06";"Abyss Sollerets";"1"
"Saberlxix";"slip 06";"Abyss Cape";"1"
"Saberlxix";"slip 06";"Valor Gauntlets";"1"
"Saberlxix";"slip 06";"Assassin's Pouln.";"1"
"Saberlxix";"slip 06";"Summoner's Horn";"1"
"Saberlxix";"slip 06";"Argute Belt";"1"
"Saberlxix";"slip 06";"Argute Pants";"1"
"Saberlxix";"slip 06";"Pantin Cape";"1"
"Saberlxix";"slip 06";"Comm. Bottes";"1"
"Saberlxix";"slip 06";"Commodore Belt";"1"
"Saberlxix";"slip 06";"Commodore Frac";"1"
"Saberlxix";"slip 06";"Sorcerer's Tonban";"1"
"Saberlxix";"slip 06";"Wyrm Brais";"1"
"Saberlxix";"slip 06";"Monster Jackcoat";"1"
"Saberlxix";"slip 06";"Summoner's Pgch.";"1"
"Saberlxix";"slip 06";"Melee Gaiters";"1"
"Saberlxix";"slip 06";"Valor Leggings";"1"
"Saberlxix";"slip 06";"Valor Coronet";"1"
"Saberlxix";"slip 06";"Mirage Shalwar";"1"
"Saberlxix";"slip 06";"Melee Hose";"1"
"Saberlxix";"slip 06";"Melee Cape";"1"
"Saberlxix";"slip 06";"Summoner's Spats";"1"
"Saberlxix";"slip 06";"Valor Surcoat";"1"
"Saberlxix";"slip 06";"Duelist's Tights";"1"
"Saberlxix";"slip 06";"Assassin's Armlets";"1"
"Saberlxix";"key items";"job gesture: black mage";"1"
"Saberlxix";"key items";"crimson orb";"1"
"Saberlxix";"key items";"Dawn phantom gem";"1"
"Saberlxix";"key items";"Dynamis - Buburimu sliver";"1"
"Saberlxix";"key items";"Feared One phantom gem";"1"
"Saberlxix";"key items";"Windurst Trust permit";"1"
"Saberlxix";"key items";"Shard of Rage";"1"
"Saberlxix";"key items";"map of Abyssea - Altepa";"1"
"Saberlxix";"key items";""Rhapsody in Puce"";"1"
"Saberlxix";"key items";"chocobo license";"1"
"Saberlxix";"key items";""Rhapsody in Ochre"";"1"
"Saberlxix";"key items";"job gesture: dark knight";"1"
"Saberlxix";"key items";"map of Ru'Hmet";"1"
"Saberlxix";"key items";"lunar abyssite";"1"
"Saberlxix";"key items";"prismatic fragment";"1"
"Saberlxix";"key items";"battle trophy: 2nd echelon";"1"
"Saberlxix";"key items";"map of Kamihr Drifts";"1"
"Saberlxix";"key items";"memorandoll";"1"
"Saberlxix";"key items";"map of Tavnazia";"1"
"Saberlxix";"key items";"map of Mount Zhayolm";"1"
"Saberlxix";"key items";"map of Marjami Ravine";"1"
"Saberlxix";"key items";"Magian learner's log";"1"
"Saberlxix";"key items";"Dhokmak's blood sigil";"1"
"Saberlxix";"key items";""Demolishing"";"1"
"Saberlxix";"key items";"map of Fort Karugo-Narugo";"1"
"Saberlxix";"key items";"map of the Horutoto Ruins";"1"
"Saberlxix";"key items";"map of Ordelle's Caves";"1"
"Saberlxix";"key items";"map of the Northlands area";"1"
"Saberlxix";"key items";""Fragmenting"";"1"
"Saberlxix";"key items";"silvery plate";"1"
"Saberlxix";"key items";"ivory abyssite of acumen";"1"
"Saberlxix";"key items";"map of Promyvion - Vahzl";"1"
"Saberlxix";"key items";"map of the Gusgen Mines";"1"
"Saberlxix";"key items";"airship pass";"1"
"Saberlxix";"key items";"piece of inviolable bark";"1"
"Saberlxix";"key items";"map of Wajaom Woodlands";"1"
"Saberlxix";"key items";"map of Mamook";"1"
"Saberlxix";"key items";"resurrection retardant axe";"1"
"Saberlxix";"key items";"impure phlox yggzi";"1"
"Saberlxix";"key items";""Rhapsody in Crimson"";"1"
"Saberlxix";"key items";""Rhapsody in Mauve"";"1"
"Saberlxix";"key items";"map of Abyssea - Misareaux";"1"
"Saberlxix";"key items";"map of Qufim Island";"1"
"Saberlxix";"key items";"Hydra Corps Tactical Map";"1"
"Saberlxix";"key items";"ivory abyssite of fortune";"1"
"Saberlxix";"key items";"geomagnetron";"1"
"Saberlxix";"key items";"job breaker";"1"
"Saberlxix";"key items";"reliquiarium key";"1"
"Saberlxix";"key items";"map of Labyrinth of Onzozo";"1"
"Saberlxix";"key items";"synergy crucible";"1"
"Saberlxix";"key items";"Bronze Ribbon of Service ∮";"1"
"Saberlxix";"key items";"map of the Dangruf Wadi";"1"
"Saberlxix";"key items";"vial of shrouded sand";"1"
"Saberlxix";"key items";"black matinee necklace";"1"
"Saberlxix";"key items";"prototype attuner";"1"
"Saberlxix";"key items";"job gesture: dancer";"1"
"Saberlxix";"key items";"PSC Wildcat badge";"1"
"Saberlxix";"key items";""Scintillating Rhapsody"";"1"
"Saberlxix";"key items";"map of the Maze of Shakhrami";"1"
"Saberlxix";"key items";"trainer's whistle";"1"
"Saberlxix";"key items";"map of the Li'Telor region";"1"
"Saberlxix";"key items";""Rhapsody in White"";"1"
"Saberlxix";"key items";"Hydra Corps Battle Standard";"1"
"Saberlxix";"key items";"map of Yorcia Weald";"1"
"Saberlxix";"key items";"map of the Kuzotz region";"1"
"Saberlxix";"key items";"aged Undying Naakual crest";"1"
"Saberlxix";"key items";"tribulens";"1"
"Saberlxix";"key items";"map of Vunkerl Inlet";"1"
"Saberlxix";"key items";"map of Beadeaux";"1"
"Saberlxix";"key items";"shaft gate operating dial";"1"
"Saberlxix";"key items";"map of Ceizak Battlegrounds";"1"
"Saberlxix";"key items";"Celennia Memorial Library card";"1"
"Saberlxix";"key items";"map of the Palborough Mines";"1"
"Saberlxix";"key items";"limit breaker";"1"
"Saberlxix";"key items";"Atma of the Ascending One";"1"
"Saberlxix";"key items";"map of the Quicksand Caves";"1"
"Saberlxix";"key items";"Hydra Corps Lantern";"1"
"Saberlxix";"key items";"map of the Jeuno area";"1"
"Saberlxix";"key items";"map of Ifrit's Cauldron";"1"
"Saberlxix";"key items";"distorted fragment";"1"
"Saberlxix";"key items";"Stellar Fulcrum phantom gem";"1"
"Saberlxix";"key items";"Shard of Arrogance";"1"
"Saberlxix";"key items";"manaclipper multi-ticket";"1"
"Saberlxix";"key items";"Altepa gate crystal";"1"
"Saberlxix";"key items";"Shard of Cowardice";"1"
"Saberlxix";"key items";"map of Ra'Kaznar";"1"
"Saberlxix";"key items";"Dem gate crystal";"1"
"Saberlxix";"key items";"Adoulinian charter permit";"1"
"Saberlxix";"key items";"map of Nashmau";"1"
"Saberlxix";"key items";"map of Foret de Hennetiel";"1"
"Saberlxix";"key items";"crest of Davoi";"1"
"Saberlxix";"key items";"Temple Knight key";"1"
"Saberlxix";"key items";"Jugner gate crystal";"1"
"Saberlxix";"key items";"job gesture: thief";"1"
"Saberlxix";"key items";"Moghancement: Bounty";"1"
"Saberlxix";"key items";"map of the Sacrarium";"1"
"Saberlxix";"key items";"concordoll";"1"
"Saberlxix";"key items";"Western Adoulin patrol route";"1"
"Saberlxix";"key items";"Mog Kupon W-EMI";"1"
"Saberlxix";"key items";"map of Reisenjima";"1"
"Saberlxix";"key items";"peerless red mage's soul";"1"
"Saberlxix";"key items";"map of Davoi";"1"
"Saberlxix";"key items";"heart of the bushin";"1"
"Saberlxix";"key items";"Mog Kupon W-SCC";"1"
"Saberlxix";"key items";"Yagudo torch";"1"
"Saberlxix";"key items";"map of Ghelsba";"1"
"Saberlxix";"key items";"map of Pso'Xja";"1"
"Saberlxix";"key items";"compass of transference";"1"
"Saberlxix";"key items";"cerulean crystal";"1"
"Saberlxix";"key items";"luopan";"1"
"Saberlxix";"key items";"Delkfutt key";"1"
"Saberlxix";"key items";"aged Ligneous Naakual crest";"1"
"Saberlxix";"key items";"loadstone";"1"
"Saberlxix";"key items";"Phoenix's blessing";"1"
"Saberlxix";"key items";"tuning fork of water";"1"
"Saberlxix";"key items";"map of Bibiki Bay";"1"
"Saberlxix";"key items";"Vahzl gate crystal";"1"
"Saberlxix";"key items";"Magian trial log";"1"
"Saberlxix";"key items";"broken harpoon";"1"
"Saberlxix";"key items";"Teodor's blood sigil";"1"
"Saberlxix";"key items";"map of the Boyahda Tree";"1"
"Saberlxix";"key items";"sharp gray stone";"1"
"Saberlxix";"key items";"map of Cape Riverne";"1"
"Saberlxix";"key items";"anti-glaciation gear";"1"
"Saberlxix";"key items";"Meriphataud gate crystal";"1"
"Saberlxix";"key items";"Shadow Lord phantom gem";"1"
"Saberlxix";"key items";"San d'Oria Trust permit";"1"
"Saberlxix";"key items";"map of Moh Gates";"1"
"Saberlxix";"key items";"lightsworm";"1"
"Saberlxix";"key items";"Rosulatia's pome";"1"
"Saberlxix";"key items";"Monarch Linn Patrol Permit";"1"
"Saberlxix";"key items";"map of Norg";"1"
"Saberlxix";"key items";"Adventurer's Certificate";"1"
"Saberlxix";"key items";"map of Bhaflau Thickets";"1"
"Saberlxix";"key items";"map of the Attohwa Chasm";"1"
"Saberlxix";"key items";"vial of spectral scent";"1"
"Saberlxix";"key items";"map of Halvung";"1"
"Saberlxix";"key items";"map of the Ru'Aun Gardens";"1"
"Saberlxix";"key items";"map of Oldton Movalpolos";"1"
"Saberlxix";"key items";"map of Temple of Uggalepih";"1"
"Saberlxix";"key items";"vial of dream incense";"1"
"Saberlxix";"key items";"map of Newton Movalpolos";"1"
"Saberlxix";"key items";"map of Delkfutt's Tower";"1"
"Saberlxix";"key items";"bundle of half-inscribed scrolls";"1"
"Saberlxix";"key items";"map of Ve'Lugannon Palace";"1"
"Saberlxix";"key items";"map of Yahse Hunting Grounds";"1"
"Saberlxix";"key items";"map of the Vollbow region";"1"
"Saberlxix";"key items";"map of the Garlaige Citadel";"1"
"Saberlxix";"key items";"map of Sea Serpent Grotto";"1"
"Saberlxix";"key items";"map of Al'Taieu";"1"
"Saberlxix";"key items";"map of the Crawlers' Nest";"1"
"Saberlxix";"key items";"nonary nazar";"1"
"Saberlxix";"key items";"map of Hu'Xzoi";"1"
"Saberlxix";"key items";"aged Firebrand Naakual crest";"1"
"Saberlxix";"key items";"map of Castle Oztroja";"1"
"Saberlxix";"key items";"map of Escha - Zi'Tah";"1"
"Saberlxix";"key items";"map of Arrapago Reef";"1"
"Saberlxix";"key items";"Sajj'aka's protective ward";"1"
"Saberlxix";"key items";"job gesture: monk";"1"
"Saberlxix";"key items";"Ruspix's plate";"1"
"Saberlxix";"key items";"dull Ra'Kaznarian plate";"1"
"Saberlxix";"key items";"master breaker";"1"
"Saberlxix";"key items";"Maiden phantom gem";"1"
"Saberlxix";"key items";"♪Red crab companion";"1"
"Saberlxix";"key items";"map of Castle Zvahl";"1"
"Saberlxix";"key items";"job gesture: samurai";"1"
"Saberlxix";"key items";"insulator tablet";"1"
"Saberlxix";"key items";"♪Raptor companion";"1"
"Saberlxix";"key items";"Mog Kupon A-SYW";"1"
"Saberlxix";"key items";"job gesture: ninja";"1"
"Saberlxix";"key items";"semi-pure phlox yggzi";"1"
"Saberlxix";"key items";"Ambuscade Primer Volume One";"1"
"Saberlxix";"key items";"dimensional compass";"1"
"Saberlxix";"key items";"map of Fei'Yin";"1"
"Saberlxix";"key items";"letter from Zeid";"1"
"Saberlxix";"key items";"map of Bostaunieux Oubliette";"1"
"Saberlxix";"key items";"astral compass";"1"
"Saberlxix";"key items";"denary nazar";"1"
"Saberlxix";"key items";"octonary nazar";"1"
"Saberlxix";"key items";"Kupofried's medallion";"1"
"Saberlxix";"key items";"sepulcher ensign";"1"
"Saberlxix";"key items";"map of the Den of Rancor";"1"
"Saberlxix";"key items";"septenary nazar";"1"
"Saberlxix";"key items";"quinary nazar";"1"
"Saberlxix";"key items";"map of the Zeruhn Mines";"1"
"Saberlxix";"key items";"job gesture: red mage";"1"
"Saberlxix";"key items";"Brand of Twilight";"1"
"Saberlxix";"key items";"job gesture: geomancer";"1"
"Saberlxix";"key items";"map of the Ranguemont Pass";"1"
"Saberlxix";"key items";"map of Cirdas Caverns";"1"
"Saberlxix";"key items";"Waking Dreams phantom gem";"1"
"Saberlxix";"key items";"pure white feather";"1"
"Saberlxix";"key items";"map of the Bastok area";"1"
"Saberlxix";"key items";"Brand of Dawn";"1"
"Saberlxix";"key items";"eschan nef";"1"
"Saberlxix";"key items";"map of Woh Gates";"1"
"Saberlxix";"key items";"eschan cellar";"1"
"Saberlxix";"key items";"Holla gate crystal";"1"
"Saberlxix";"key items";"semi-pure russet yggzi";"1"
"Saberlxix";"key items";"map of the Windurst area";"1"
"Saberlxix";"key items";"eschan urn";"1"
"Saberlxix";"key items";"Pashhow gate crystal";"1"
"Saberlxix";"key items";"Hydra Corps Eyeglass";"1"
"Saberlxix";"key items";"map of Alzadaal Ruins";"1"
"Saberlxix";"key items";"brier-proof net";"1"
"Saberlxix";"key items";"map of Giddeus";"1"
"Saberlxix";"key items";""Rhapsody in Fuchsia"";"1"
"Saberlxix";"key items";"amber stratum abyssite";"1"
"Saberlxix";"key items";""Rhapsody in Emerald"";"1"
"Saberlxix";"key items";"Mea gate crystal";"1"
"Saberlxix";"key items";"pair of fuzzy earmuffs";"1"
"Saberlxix";"key items";""Rhapsody in Azure"";"1"
"Saberlxix";"key items";"Shard of Apathy";"1"
"Saberlxix";"key items";"map of the Eldieme Necropolis";"1"
"Saberlxix";"key items";"Celestial Nexus phantom gem";"1"
"Saberlxix";"key items";""Rhapsody in Umber"";"1"
"Saberlxix";"key items";"old ring";"1"
"Saberlxix";"key items";"habitual behavior barometer";"1"
"Saberlxix";"key items";"map of Dho Gates";"1"
"Saberlxix";"key items";"Warrior's Path phantom gem";"1"
"Saberlxix";"key items";"voidstone";"1"
"Saberlxix";"key items";"Ligneous Naakual paragon";"1"
"Saberlxix";"key items";""Climbing"";"1"
"Saberlxix";"key items";"reaper";"1"
"Saberlxix";"key items";"coruscant rosary";"1"
"Saberlxix";"key items";"Arciela's skirt";"1"
"Saberlxix";"key items";"Ashrakk's blood sigil";"1"
"Saberlxix";"key items";"Curilla's bottle";"1"
"Saberlxix";"key items";"map of the Kuftal Tunnel";"1"
"Saberlxix";"key items";"song of hope";"1"
"Saberlxix";"key items";"prismatic hourglass";"1"
"Saberlxix";"key items";"Velkk fetish";"1"
"Saberlxix";"key items";"map of Carpenters' Landing";"1"
"Saberlxix";"key items";"job gesture: summoner";"1"
"Saberlxix";"key items";"traverser stone";"1"
"Saberlxix";"key items";"GPS crystal";"1"
"Saberlxix";"key items";"map of the Elshimo regions";"1"
"Saberlxix";"key items";"impure russet yggzi";"1"
"Saberlxix";"key items";"map of Aydeewa Subterrane";"1"
"Saberlxix";"key items";"Mog Kupon A-EMI";"1"
"Saberlxix";"key items";"silver bell";"1"
"Saberlxix";"key items";"map of Sih Gates";"1"
"Saberlxix";"key items";"Tear of Altana";"1"
"Saberlxix";"key items";"sparking tail feather";"1"
"Saberlxix";"key items";"Tenshodo Member's Card";"1"
"Saberlxix";"key items";"Hydra Corps Insignia";"1"
"Saberlxix";"key items";"pair of Velkk gloves";"1"
"Saberlxix";"key items";"Shard of Envy";"1"
"Saberlxix";"key items";"map of Rala Waterways";"1"
"Saberlxix";"key items";"Lerene's paten";"1"
"Saberlxix";"key items";""Pulverizing"";"1"
"Saberlxix";"key items";"map of Adoulin";"1"
"Saberlxix";"key items";"battle trophy: 1st echelon";"1"
"Saberlxix";"key items";"phantom gem of apathy";"1"
"Saberlxix";"key items";"map of Grauberg";"1"
"Saberlxix";"key items";"map of Abyssea - Attohwa";"1"
"Saberlxix";"key items";"job gesture: white mage";"1"
"Saberlxix";"key items";"archducal audience permit";"1"
"Saberlxix";"key items";"Savage's phantom gem";"1"
"Saberlxix";"key items";"pouch of weighted stones";"1"
"Saberlxix";"key items";"map of Morimar Basalt Fields";"1"
"Saberlxix";"key items";"boarding permit";"1"
"Saberlxix";"key items";"map of the Korroloka Tunnel";"1"
"Saberlxix";"key items";"map of Al Zahbi";"1"
"Saberlxix";"key items";"map of the Toraimarai Canal";"1"
"Saberlxix";"key items";"map of Escha - Ru'Aun";"1"
"Saberlxix";"key items";"watercraft";"1"
"Saberlxix";"key items";"map of King Ranperre's Tomb";"1"
"Saberlxix";"key items";""Watercrafting"";"1"
"Saberlxix";"key items";""Logging"";"1"
"Saberlxix";"key items";"Pioneer's Badge";"1"
"Saberlxix";"key items";"Hydra Corps Command Scepter";"1"
"Saberlxix";"key items";"mystic ice";"1"
"Saberlxix";"key items";"job gesture: warrior";"1"
"Saberlxix";"key items";""Card Jailer Teodor"";"1"
"Saberlxix";"key items";"Head Wind phantom gem";"1"
"Saberlxix";"key items";"Starway Stairway bauble";"1"
"Saberlxix";"key items";"Bastok Trust permit";"1"
"Saberlxix";"key items";"map of Caedarva Mire";"1"
"Saberlxix";"key items";"map of the Aqueducts";"1"
"Saberlxix";"key items";"Pso'Xja pass";"1"
"Saberlxix";"key items";"map of the San d'Oria area";"1"
"Saberlxix";"key items";"map of the Uleguerand Range";"1"
